Total terminal nodes,4482
Node ID,Cases,Majority Class
7343,5444,1
1083,3959,0
3842,3454,6
5899,3322,3
2287,3132,4
1659,2692,7
3382,2054,9
4750,1936,2
24,1597,7
5310,1093,8
2804,949,5
6570,883,5
8840,710,8
6827,576,9
986,572,0
4357,505,8
4248,460,2
1400,419,2
1648,412,7
7147,407,8
4679,374,7
4442,348,1
8319,329,2
920,320,0
2134,319,9
506,281,4
5548,279,3
4060,263,2
2060,261,4
1619,251,7
1874,248,5
703,248,6
4917,248,5
7699,244,8
8492,230,6
5640,225,1
4544,223,2
3180,220,9
5856,220,3
7750,219,2
3821,217,6
3716,211,3
6290,211,8
1462,210,5
2598,207,2
778,206,0
4998,199,4
6106,196,6
7023,193,3
7435,188,1
3564,182,4
2918,178,4
6200,177,2
8226,171,6
5596,168,5
2642,163,5
8568,160,3
3142,156,9
6721,153,7
7661,153,1
3833,152,6
1570,152,0
2734,149,5
190,148,0
6666,148,6
5505,143,5
7324,142,1
3847,137,6
404,136,9
4715,134,2
4619,131,9
436,131,5
3742,130,2
5814,127,5
603,126,9
3016,124,9
1244,123,5
4747,121,2
6413,114,5
2485,113,6
3975,112,5
7351,111,1
8695,110,8
3699,110,8
5210,109,7
322,109,5
4499,109,4
4160,108,4
8450,106,9
3091,105,3
7346,104,1
1331,102,0
4033,102,8
6368,102,3
7509,101,1
6948,99,5
8183,97,5
6750,97,4
7859,97,1
1999,96,9
1948,92,1
8014,91,4
3126,91,7
1927,90,3
5185,89,2
5941,89,3
1176,87,0
7099,85,0
4899,83,8
3272,82,4
2236,81,4
8776,81,2
5531,78,3
2773,78,3
8935,78,8
3664,77,9
8155,77,6
8163,77,2
7226,74,0
3250,74,4
4477,72,6
2572,72,9
1085,71,0
7201,71,6
6493,70,3
7076,70,5
5769,67,9
2779,67,6
5346,67,8
3330,67,9
8785,65,8
6268,64,2
3779,64,8
8683,64,9
3303,63,9
8636,63,7
2983,63,7
6706,63,8
4597,63,7
3404,62,9
8140,61,9
3242,60,9
365,60,4
6356,60,0
1284,60,6
5359,59,4
1138,58,5
2704,58,5
5261,57,8
6919,56,3
3219,56,4
7834,55,8
4150,55,6
2311,55,4
5451,54,8
4842,53,2
3265,53,9
877,53,0
3363,52,9
1849,52,2
6558,51,5
3426,51,9
5370,51,9
2515,51,7
2421,51,5
4022,50,6
1195,50,3
3380,50,9
2033,50,8
5786,49,3
2879,47,9
1983,45,4
6391,45,8
3849,44,6
3384,44,9
5847,44,0
2470,43,8
5725,43,4
8207,43,8
949,43,6
1523,43,6
2955,43,3
4757,42,2
1152,41,3
6700,41,5
2353,41,4
7496,41,8
4294,40,2
4219,40,9
4793,40,2
6616,40,0
8254,39,1
4752,39,2
580,39,9
2541,39,5
6030,38,9
6464,38,4
4313,38,8
5081,37,9
1959,37,3
5226,36,9
8121,36,0
5240,36,5
2292,36,4
5178,36,2
5405,36,5
247,35,5
4491,35,2
1813,35,1
5291,35,8
5121,34,4
6322,34,8
2290,34,4
3632,34,3
2625,33,3
4236,33,2
1096,33,0
4941,33,5
4854,33,8
7590,33,6
7599,33,8
5427,33,0
7252,33,8
8414,32,4
5805,32,3
6128,32,1
852,32,0
7760,32,6
3057,32,4
3937,32,5
1684,31,7
3535,31,9
7349,31,1
7158,31,8
3530,31,8
7050,31,3
652,31,4
8763,31,8
2330,30,4
1963,30,7
5968,30,3
1541,30,8
8616,30,1
5202,30,8
1854,30,6
306,30,3
3371,30,9
5489,29,5
2298,29,4
8653,29,4
1427,29,5
4581,28,7
7378,28,1
7043,28,3
2415,28,6
8603,27,8
1046,27,2
6784,27,7
2188,27,4
4859,27,2
2891,27,2
6939,27,8
1451,27,0
3375,27,9
2164,27,4
6246,26,8
8878,26,8
4718,26,3
3585,26,4
3501,26,4
893,26,5
5901,26,3
6019,25,8
8384,25,7
5142,25,0
7712,25,8
8849,25,8
2226,25,1
1361,25,2
3159,25,4
6526,24,9
8773,24,7
6182,24,2
6983,24,3
3208,24,8
3476,24,9
7525,24,5
4968,24,6
7355,24,1
2099,23,2
7384,23,1
4701,23,8
2096,23,6
7941,23,9
5705,23,7
8274,23,3
5014,23,6
7533,22,2
8627,22,8
3920,22,2
3118,22,3
1066,22,0
3644,22,4
2990,21,9
6453,21,3
1754,21,1
4647,21,8
1711,21,7
7485,21,9
4328,21,4
6924,21,5
1943,21,5
97,21,5
1662,21,7
5655,21,5
4834,21,7
2723,21,9
6704,20,0
8322,20,2
7766,20,8
6572,20,5
8146,20,2
6041,20,5
5997,20,3
2175,20,7
8367,20,6
7005,20,9
2672,20,8
2559,20,4
557,20,7
3065,20,8
3960,20,6
5498,20,3
7337,20,1
2806,20,5
147,20,2
7538,20,1
2213,19,9
6770,19,9
963,19,0
3726,19,9
6680,19,8
2152,19,7
6303,19,3
1919,19,4
1777,19,3
2840,19,5
1668,19,7
7575,19,2
8710,19,1
748,19,0
5626,19,4
7683,18,9
3081,18,7
2412,18,4
3367,18,9
298,18,1
5150,18,8
2997,18,8
5585,18,5
4721,18,2
4001,18,5
5754,18,3
4396,18,8
529,18,6
4579,18,7
6807,18,9
7432,18,8
8089,18,6
4971,17,4
4408,17,2
3766,17,3
6781,17,9
1350,17,3
5258,17,7
8201,17,5
1261,17,3
7924,17,4
7907,17,3
3753,17,2
7917,17,8
834,17,9
3236,17,9
2184,17,2
5989,17,1
6179,17,0
1028,16,0
3396,16,9
2764,16,5
4345,16,8
3233,16,4
8428,16,6
3482,16,8
5164,16,2
8483,16,2
8364,16,2
2296,16,4
7986,16,6
8064,16,8
2107,16,9
7475,16,2
164,16,5
805,15,2
2506,15,7
6280,15,8
5063,15,8
7577,15,5
6218,15,3
51,15,7
1221,15,5
6697,15,6
3486,15,4
5762,15,1
3509,15,9
1301,15,0
474,15,0
2886,15,8
5484,15,6
988,15,0
1702,15,7
8059,15,3
6152,15,5
5341,15,8
4956,15,8
8742,15,3
2809,15,5
1847,15,2
5029,14,7
692,14,6
2393,14,7
112,14,4
5160,14,6
6378,14,8
8581,14,9
5873,14,1
2083,14,7
449,14,8
7358,14,1
6632,14,8
7651,14,3
1655,14,7
8359,14,8
6543,14,1
3917,14,6
5026,14,4
3341,14,9
32,14,7
1640,14,7
3393,14,9
1492,14,5
1750,14,2
8054,14,5
3763,14,8
628,14,4
3517,14,8
1130,14,7
4866,14,9
4516,14,2
3388,14,9
1165,14,0
2537,14,9
7551,13,1
8220,13,2
595,13,7
2492,13,2
8658,13,8
4283,13,8
6442,13,9
4105,13,9
8594,13,3
492,13,6
6319,13,8
7193,13,8
4330,13,9
5038,13,9
7959,13,1
8391,13,8
2868,13,4
6586,13,5
6607,13,3
5976,13,3
7619,13,1
8540,13,0
4846,13,8
4714,13,2
7903,13,5
8294,13,7
3605,13,9
26,13,7
5790,13,5
8842,13,8
7626,13,5
8535,12,8
7798,12,2
3686,12,4
8404,12,7
8537,12,6
6055,12,3
5823,12,5
4362,12,8
7733,12,3
1264,12,5
5218,12,4
7057,12,5
1916,12,8
6057,12,8
6992,12,5
3613,12,4
6482,12,3
4506,12,6
5308,12,8
2112,12,7
5479,12,1
2443,12,9
4009,12,8
5979,12,8
7887,12,8
5115,11,8
760,11,6
2196,11,6
6965,11,3
2318,11,4
5672,11,2
6998,11,3
8363,11,6
2167,11,9
4632,11,5
1915,11,9
1391,11,2
2938,11,3
6644,11,5
6173,11,6
5688,11,1
7813,11,6
3138,11,4
2075,11,6
233,11,0
387,11,9
7972,11,8
5290,11,2
3607,11,8
6064,11,5
8620,11,7
4113,11,4
4135,11,6
907,11,3
6934,10,0
8315,10,2
7184,10,2
3905,10,5
1422,10,7
6580,10,5
553,10,4
3398,10,9
380,10,7
1374,10,1
7150,10,8
6897,10,3
357,10,0
5384,10,8
2529,10,4
4871,10,2
8559,10,3
1562,10,6
4093,10,2
2620,10,5
1160,10,5
161,10,3
4465,10,2
6006,10,3
7786,10,1
4250,10,2
5330,10,8
5798,10,5
2941,10,8
2435,10,4
7069,10,5
8730,10,8
2698,10,9
5072,10,8
2769,10,3
5576,10,2
4204,10,8
3710,10,2
3651,10,8
7460,10,8
7570,10,2
1214,10,5
3044,10,4
2648,10,5
6233,10,8
6349,10,6
1917,10,2
3496,10,9
5313,10,8
7680,9,7
6620,9,3
487,9,2
83,9,6
6895,9,9
1709,9,9
8865,9,4
831,9,4
3105,9,2
178,9,5
1664,9,7
3245,9,4
7469,9,1
228,9,2
6415,9,5
7539,9,8
4271,9,2
902,9,0
6647,9,8
4522,9,3
5957,9,5
5982,9,2
6561,9,5
5472,9,5
3909,9,8
6001,9,9
4472,9,9
7248,9,8
1501,9,6
4839,9,3
5629,9,8
1621,9,7
1955,9,7
7953,9,4
8173,9,6
1089,9,0
7825,9,3
1533,9,5
6090,9,2
6877,9,4
4133,9,8
708,9,6
1608,9,7
2521,9,5
4774,9,2
1907,9,3
4019,9,6
7164,9,8
3823,9,5
4382,9,4
4881,9,6
992,9,0
527,9,6
2086,9,9
8757,9,2
6794,9,9
6757,9,8
6171,9,8
2122,9,9
4836,9,2
730,9,0
3512,8,3
3622,8,9
5571,8,5
264,8,6
3550,8,7
4663,8,8
4277,8,2
175,8,0
6901,8,8
4431,8,7
3901,8,9
1230,8,0
639,8,6
5412,8,6
7969,8,4
1651,8,7
3411,8,9
7612,8,7
6144,8,4
6966,8,8
6239,8,5
535,8,9
7667,8,8
7428,8,6
3984,8,6
6015,8,5
1000,8,0
4586,8,8
8458,8,8
1273,8,0
1288,8,5
4065,8,2
6312,8,6
1826,8,1
8655,8,7
4593,8,2
4606,8,9
1435,8,2
4889,8,0
6339,8,8
4570,8,7
4143,8,4
3853,8,6
4470,8,4
7179,8,3
4017,8,5
8673,8,4
1740,8,7
6758,8,6
7743,8,1
6624,8,9
6870,8,3
4434,8,6
5138,8,2
5315,8,8
4089,8,7
5756,8,9
2653,8,3
2766,8,6
3112,8,7
2635,8,2
3078,8,2
7389,8,1
4213,8,7
5840,7,0
4746,7,2
1802,7,1
5668,7,8
649,7,0
4282,7,0
7393,7,1
7681,7,5
2010,7,9
7037,7,3
5379,7,4
3276,7,9
6473,7,7
6904,7,6
2838,7,3
2480,7,2
89,7,9
2180,7,8
1844,7,7
3462,7,4
586,7,7
8780,7,3
8469,7,8
6928,7,3
4303,7,8
1229,7,6
106,7,9
6467,7,9
6955,7,3
6444,7,5
3148,7,9
7408,7,1
3995,7,6
1054,7,0
4238,7,8
1320,7,2
3174,7,9
7107,7,5
5820,7,3
279,7,9
618,7,5
2973,7,2
546,7,2
309,7,5
1856,7,0
4197,7,7
1377,7,5
7413,7,1
1479,7,8
4985,7,2
2720,7,3
4179,7,8
6932,7,5
7080,7,3
4628,7,2
3610,7,2
5474,7,3
8125,7,4
7781,7,3
1453,7,6
2526,7,3
8755,7,3
4824,7,9
5395,7,4
5905,7,3
8807,7,8
3596,7,3
7885,7,2
7361,7,1
1734,7,2
889,7,2
378,7,6
1557,7,2
7629,7,7
3997,7,8
8426,7,6
3992,7,3
6599,7,8
7877,7,6
6265,7,8
8417,7,8
4079,7,1
4961,7,2
78,7,5
8671,7,8
2934,7,7
1128,7,0
5440,7,8
1564,7,0
4041,6,6
1386,6,3
5782,6,3
6954,6,5
8290,6,2
8896,6,8
1260,6,5
6052,6,9
7715,6,1
464,6,7
8951,6,7
5699,6,4
8466,6,9
4863,6,4
6805,6,4
1514,6,2
6211,6,6
4845,6,2
2862,6,9
648,6,2
277,6,4
6989,6,9
1030,6,2
3104,6,3
7208,6,8
4613,6,7
5846,6,6
3761,6,3
526,6,2
4098,6,4
3630,6,2
3694,6,8
398,6,7
1290,6,8
5590,6,3
800,6,5
6515,6,7
2386,6,9
4697,6,9
923,6,0
7881,6,3
622,6,7
8557,6,1
6372,6,3
7762,6,2
6314,6,0
5563,6,3
8962,6,0
5110,6,2
6612,6,5
6435,6,6
957,6,2
3151,6,8
8398,6,9
6430,6,3
3460,6,9
6375,6,2
7285,6,6
7997,6,6
6014,6,0
2980,6,3
8706,6,3
1676,6,7
1810,6,2
736,6,5
1546,6,6
4339,6,5
1714,6,9
3133,6,2
144,6,0
6825,6,9
2553,6,9
6209,6,8
2860,6,5
7477,6,1
6691,6,5
4191,6,4
7066,6,8
7241,6,3
6122,6,2
4763,6,2
6342,6,3
5283,6,7
7457,6,5
4162,6,4
6860,6,3
470,6,4
3116,6,8
3040,6,8
5496,6,5
6450,6,5
2697,6,5
7117,6,3
5337,6,5
4147,6,5
7002,6,8
351,6,9
6730,6,6
3731,6,5
3897,6,8
7417,6,1
1991,6,3
4578,6,9
2632,6,8
1035,6,5
2137,6,9
4639,6,2
3579,6,9
7026,6,3
5926,6,5
690,6,6
4949,5,8
2362,5,3
3673,5,5
2613,5,5
140,5,4
5792,5,0
5061,5,2
3026,5,9
2305,5,4
8910,5,8
3257,5,9
7364,5,1
7110,5,0
8425,5,9
5017,5,2
2815,5,5
643,5,5
6742,5,7
7367,5,1
4359,5,8
2040,5,9
1806,5,7
220,5,9
7883,5,7
6429,5,5
3524,5,9
1415,5,3
1379,5,8
2126,5,4
296,5,5
3884,5,5
8289,5,8
5200,5,2
2465,5,6
2729,5,5
2402,5,2
7529,5,3
647,5,9
2023,5,5
192,5,0
7995,5,3
7035,5,9
8144,5,3
5095,5,9
5919,5,3
4272,5,8
1549,5,8
6684,5,5
3165,5,9
3788,5,2
6649,5,6
6371,5,8
3932,5,1
2006,5,4
3075,5,3
208,5,7
7279,5,1
8259,5,8
6830,5,9
4577,5,3
1741,5,3
5279,5,2
5089,5,7
3548,5,8
1697,5,3
3048,5,9
352,5,8
127,5,5
427,5,3
5634,5,9
2414,5,4
4430,5,8
3953,5,8
8590,5,7
8687,5,7
2307,5,4
6857,5,8
6800,5,3
7670,5,2
8049,5,9
3307,5,8
6588,5,6
2476,5,4
6502,5,5
123,5,7
2204,5,0
1102,5,0
8623,5,3
4778,5,2
7105,5,8
900,5,2
8325,5,2
6653,5,4
3629,5,4
6170,5,3
6756,5,9
482,5,3
7177,5,5
6509,5,4
4667,5,8
691,5,2
679,5,4
7277,5,8
4934,5,0
8906,5,1
5492,5,3
5167,5,9
2074,5,9
6076,5,1
2407,5,9
8288,5,9
2745,5,6
2718,5,9
4765,5,2
5620,5,3
2301,5,4
8344,5,2
3955,5,2
3508,5,7
5267,5,0
94,5,0
428,5,5
6764,5,5
5125,5,9
3198,5,4
7452,5,8
670,5,4
1366,5,8
719,5,2
8481,5,6
2453,5,3
7421,5,7
7585,5,2
7017,5,9
442,5,6
2577,5,9
7041,5,5
1005,5,0
3543,5,4
4933,5,6
1353,5,5
4145,5,6
4015,5,8
7757,5,3
7783,5,8
1146,5,3
8286,4,3
6511,4,1
7416,4,8
1732,4,7
928,4,0
6083,4,6
2545,4,9
4208,4,9
798,4,2
1967,4,2
484,4,5
5566,4,5
6099,4,8
7975,4,6
3082,4,9
8725,4,4
3693,4,9
7685,4,3
5060,4,0
417,4,4
1551,4,7
8672,4,9
6373,4,8
2846,4,9
110,4,7
1679,4,9
6258,4,2
4263,4,8
3406,4,8
4115,4,7
4713,4,3
7126,4,8
456,4,3
5318,4,8
6833,4,9
345,4,8
8645,4,7
5624,4,7
4973,4,2
6579,4,9
3592,4,8
7648,4,2
221,4,7
6772,4,7
1942,4,5
6285,4,6
4902,4,8
2478,4,5
3820,4,6
8268,4,3
8802,4,0
386,4,5
6383,4,3
7695,4,8
3757,4,8
4063,4,2
2536,4,4
7980,4,8
4671,4,7
2150,4,4
3314,4,3
3050,4,3
7001,4,8
8130,4,7
1441,4,8
5526,4,2
8287,4,1
1713,4,1
7737,4,2
3824,4,6
6086,4,3
2588,4,4
5534,4,8
3115,4,3
5297,4,0
1200,4,5
4419,4,1
1721,4,5
6741,4,6
663,4,9
4459,4,2
7257,4,0
2664,4,5
1903,4,3
4566,4,9
7693,4,3
3320,4,8
743,4,4
3895,4,2
6232,4,3
995,4,0
520,4,9
1986,4,9
1708,4,4
7213,4,8
252,4,3
8513,4,4
2871,4,9
2968,4,2
7951,4,9
5108,4,9
573,4,5
1953,4,3
7567,4,3
6718,4,4
3889,4,9
8869,4,9
5387,4,9
5212,4,9
7414,4,2
3465,4,4
1442,4,4
3678,4,4
6264,4,3
2835,4,9
468,4,9
7059,4,3
4122,4,5
8507,4,8
7978,4,1
5952,4,5
8346,4,3
8104,4,3
1937,4,1
7372,4,1
3717,4,9
2499,4,9
6560,4,3
2819,4,5
7483,4,1
340,4,3
5587,4,3
2332,4,9
8812,4,5
7520,4,8
2153,4,9
6497,4,9
8341,4,7
5772,4,9
2812,4,5
2741,4,5
6541,4,3
3103,4,8
4280,4,6
1744,4,2
961,4,7
4234,4,3
4568,4,8
8116,4,6
7707,4,9
5243,4,8
8630,4,9
4984,4,4
4475,4,2
447,4,2
4471,4,6
2372,4,4
3318,4,7
6354,4,6
406,4,9
7144,4,8
377,4,5
7669,4,3
6389,4,5
3146,4,8
6598,4,9
4622,4,9
8883,4,3
5134,4,4
5995,4,7
2411,4,3
2743,4,3
2951,4,7
3601,4,2
8343,4,8
5250,4,9
5101,4,4
517,4,6
3981,4,3
6433,4,7
3893,4,8
4959,4,0
6862,4,4
69,4,2
1254,4,3
391,4,9
6852,4,4
1278,4,5
1173,4,3
5278,4,8
1355,4,9
8618,4,8
2763,4,5
2457,4,8
6980,4,3
8514,4,9
1748,4,6
3677,4,9
2207,4,4
463,4,5
3453,4,4
2904,4,9
8946,4,2
5536,4,0
2253,4,6
2695,4,2
1091,4,0
7967,4,9
8556,4,7
8261,4,7
426,4,0
2149,4,9
4467,4,5
4521,4,5
2666,4,4
2013,4,3
1513,4,0
3965,4,2
2882,4,8
7370,4,1
3018,4,9
8357,4,5
6726,4,5
6491,4,5
5871,4,2
2432,4,2
8205,4,0
2960,4,9
8462,4,4
1506,4,5
4429,4,7
1932,4,5
3499,4,9
6224,4,6
5335,4,6
1628,4,7
2898,4,9
2365,3,9
6216,3,5
6583,3,5
8245,3,2
4203,3,9
5606,3,4
6300,3,8
1032,3,2
7556,3,6
4046,3,5
5009,3,8
2930,3,9
8389,3,2
7070,3,3
811,3,5
7741,3,8
5564,3,2
5862,3,3
8938,3,8
8740,3,7
8584,3,5
2118,3,7
1127,3,6
6024,3,3
8273,3,9
7811,3,4
1033,3,5
560,3,9
896,3,6
8128,3,5
1877,3,5
5875,3,3
3845,3,6
4873,3,8
532,3,2
5354,3,8
4488,3,4
6674,3,8
4095,3,7
7646,3,1
7627,3,6
4301,3,7
2376,3,9
2094,3,4
8379,3,9
3553,3,9
2410,3,2
7064,3,0
1067,3,2
7566,3,8
3195,3,4
8147,3,6
6078,3,2
5086,3,2
8892,3,0
7726,3,9
4265,3,4
830,3,7
7548,3,2
5660,3,1
4868,3,8
3745,3,8
5839,3,2
2712,3,5
2785,3,8
6782,3,0
5773,3,7
7992,3,4
6133,3,5
1988,3,4
4780,3,2
5965,3,7
5126,3,4
4694,3,9
2313,3,9
2535,3,7
5146,3,2
137,3,9
4768,3,2
8455,3,4
741,3,6
5780,3,7
5983,3,3
43,3,7
7410,3,6
2015,3,8
6517,3,5
216,3,4
2039,3,4
744,3,3
5449,3,0
6108,3,6
3033,3,8
6155,3,2
3206,3,7
1733,3,3
8070,3,5
4923,3,6
455,3,2
3435,3,9
3819,3,5
7579,3,3
1807,3,2
2406,3,3
613,3,7
8237,3,0
6039,3,3
3344,3,7
8959,3,3
791,3,6
3783,3,4
7574,3,4
8715,3,8
261,3,3
438,3,0
5635,3,3
1896,3,1
8168,3,3
796,3,8
8837,3,8
2017,3,9
4989,3,8
8647,3,3
4983,3,8
2629,3,5
5514,3,3
6261,3,8
232,3,5
2430,3,8
625,3,9
8724,3,7
8914,3,7
5453,3,4
7283,3,3
7165,3,3
2028,3,4
485,3,9
2584,3,5
5610,3,9
5715,3,4
7753,3,2
8550,3,8
2379,3,2
262,3,0
2786,3,8
6188,3,6
2190,3,6
2364,3,4
275,3,3
1808,3,3
8421,3,2
5228,3,8
3463,3,9
3898,3,4
8765,3,7
5738,3,9
8527,3,2
7727,3,3
8102,3,1
5045,3,2
8219,3,3
4423,3,9
1633,3,2
6135,3,1
2162,3,0
2932,3,2
5562,3,5
4576,3,7
8524,3,5
2449,3,2
5739,3,8
3760,3,8
5807,3,8
1787,3,5
3952,3,9
3986,3,5
6446,3,1
885,3,6
3038,3,4
5939,3,3
8114,3,2
2037,3,7
3361,3,4
1901,3,2
1598,3,7
5611,3,5
6084,3,4
7153,3,8
8846,3,5
8084,3,5
945,3,6
757,3,5
1540,3,2
4076,3,7
6985,3,3
2203,3,8
5954,3,2
5322,3,8
3205,3,3
5663,3,9
2962,3,7
817,3,0
6662,3,5
6387,3,3
3787,3,8
588,3,9
3912,3,6
76,3,0
7332,3,8
1267,3,8
3182,3,9
1313,3,3
3480,3,3
2251,3,9
4829,3,2
1428,3,8
1172,3,0
6717,3,5
8296,3,4
6499,3,7
1123,3,0
3606,3,8
3028,3,4
311,3,4
3887,3,6
3254,3,9
5249,3,3
6333,3,0
7571,3,3
265,3,5
953,3,0
2986,3,2
941,3,5
2555,3,4
5390,3,5
5633,3,5
4575,3,2
7519,3,9
6098,3,3
3002,3,4
1040,3,0
4455,3,4
2073,3,6
3467,3,8
1622,3,9
7865,3,8
1199,3,5
5209,3,9
7617,3,4
5270,3,9
882,3,2
6582,3,3
3771,3,0
6045,3,8
2182,3,9
3226,3,8
3052,3,5
3671,3,4
8595,3,5
2662,3,8
3268,3,8
3420,3,9
8571,3,8
8651,3,8
255,3,5
6610,3,8
2576,3,4
1786,3,1
2872,3,8
7376,3,8
8190,3,8
3940,3,8
2674,3,6
2049,3,6
87,3,4
2497,3,3
350,3,5
6462,3,6
5586,3,1
1625,3,9
5351,3,5
7081,3,5
1410,3,0
4690,3,2
5697,3,9
6196,3,3
592,3,2
5646,3,7
6013,3,8
4661,3,2
2895,3,3
3722,3,9
2030,3,8
8814,3,8
6845,3,9
259,3,9
7994,3,8
3514,3,5
334,3,6
3134,3,3
2464,3,2
8508,3,6
295,3,6
218,3,5
1429,3,6
1418,3,2
54,3,9
1315,3,0
1477,3,8
1757,3,6
4742,3,3
5401,3,8
611,3,7
471,3,2
7383,3,8
3448,3,4
4348,3,3
219,3,6
6222,3,2
7054,3,9
2371,3,9
7915,3,6
4189,3,6
5059,3,5
5950,3,2
3076,3,9
4007,3,8
4541,3,2
4659,3,3
952,3,5
6976,3,9
5818,3,6
2848,3,3
5287,3,8
5272,3,4
1303,3,3
5230,3,7
8196,3,4
3237,3,8
4546,3,2
7424,3,1
138,3,2
5058,3,8
6131,3,9
8958,3,5
6532,3,4
6762,3,3
7015,3,3
1538,3,0
4960,3,6
1169,3,5
8827,3,8
4074,3,1
183,3,0
3310,3,9
5254,3,2
170,3,3
1809,3,9
6650,3,2
709,3,2
8197,3,7
1519,3,3
373,3,2
1720,3,6
1536,3,8
6337,2,5
6959,2,9
4130,2,3
6749,2,4
934,2,6
3876,2,8
7182,2,3
6381,2,0
1390,2,2
4152,2,8
2431,2,4
8028,2,2
3938,2,6
2908,2,2
1975,2,7
929,2,9
6964,2,7
7008,2,7
5980,2,3
2737,2,5
7275,2,4
1198,2,5
1126,2,4
2761,2,3
8043,2,6
3475,2,7
8101,2,0
8027,2,4
1765,2,0
2072,2,9
2387,2,4
332,2,7
2844,2,2
2836,2,5
281,2,7
661,2,7
2319,2,3
8642,2,1
6066,2,6
7093,2,0
4452,2,7
4066,2,7
4504,2,6
2857,2,8
712,2,4
7395,2,1
697,2,5
7392,2,8
3300,2,8
3882,2,9
7207,2,0
1064,2,6
3446,2,9
6931,2,8
5696,2,3
5721,2,1
3010,2,4
7874,2,7
1611,2,9
2605,2,3
2530,2,7
2935,2,9
7188,2,2
4505,2,9
4174,2,8
2626,2,8
8794,2,3
1476,2,7
3022,2,9
2109,2,3
766,2,8
133,2,3
7455,2,1
8720,2,3
864,2,6
2516,2,2
4830,2,8
5208,2,7
1038,2,2
8267,2,2
4599,2,9
543,2,5
1657,2,1
7467,2,2
6537,2,4
7276,2,9
6855,2,9
201,2,4
3479,2,7
2479,2,6
4503,2,6
3114,2,2
7473,2,1
6495,2,8
67,2,5
5817,2,3
5791,2,3
8134,2,7
1764,2,1
2660,2,3
6169,2,5
6327,2,5
1140,2,6
2110,2,2
5345,2,6
7849,2,7
5838,2,5
7950,2,6
5522,2,2
7655,2,8
6087,2,9
2169,2,7
3321,2,9
5970,2,9
3978,2,8
2671,2,2
8437,2,8
2928,2,3
7446,2,8
3216,2,9
2858,2,0
1158,2,3
5553,2,8
4395,2,5
3773,2,8
6350,2,0
8113,2,8
5214,2,8
7236,2,5
270,2,0
7447,2,5
2158,2,6
7650,2,8
7928,2,8
5573,2,8
8801,2,6
1279,2,6
1003,2,0
8435,2,7
3676,2,8
2600,2,2
6715,2,9
5007,2,7
3119,2,2
7390,2,8
1155,2,5
7884,2,1
2757,2,9
2681,2,2
1097,2,6
1728,2,4
4183,2,5
7756,2,8
8094,2,5
5423,2,7
2714,2,9
4964,2,8
4629,2,9
8046,2,2
3451,2,7
8122,2,8
4817,2,8
4649,2,2
3591,2,4
8506,2,2
4003,2,6
8788,2,6
609,2,4
7423,2,2
3252,2,9
6589,2,8
626,2,8
1766,2,5
7219,2,0
5949,2,5
356,2,7
6590,2,0
8024,2,2
155,2,0
6844,2,4
3720,2,5
2645,2,8
2398,2,5
2909,2,8
1795,2,8
6505,2,8
3102,2,2
5852,2,5
3931,2,8
7535,2,8
312,2,9
2327,2,4
7173,2,3
7132,2,0
6296,2,3
8679,2,9
4365,2,8
169,2,9
1470,2,0
6050,2,3
8337,2,3
7564,2,5
4786,2,3
7418,2,6
8922,2,3
35,2,7
1951,2,6
8272,2,7
1822,2,7
7381,2,1
5787,2,5
1719,2,0
7018,2,5
5666,2,3
544,2,0
4375,2,2
5920,2,8
2250,2,4
5675,2,9
926,2,0
3730,2,5
3421,2,4
4932,2,2
8905,2,9
2514,2,3
7501,2,5
8923,2,8
5938,2,8
8523,2,0
1694,2,2
3515,2,6
6272,2,3
6661,2,9
1667,2,2
3911,2,5
3130,2,3
2581,2,7
8397,2,7
1574,2,7
6022,2,2
7802,2,1
5944,2,9
8886,2,5
6167,2,2
4777,2,7
3204,2,9
2927,2,9
3147,2,3
4775,2,3
4257,2,3
4502,2,8
7823,2,7
5432,2,6
3030,2,8
862,2,0
2374,2,6
717,2,3
790,2,0
1403,2,2
6627,2,5
8378,2,2
2249,2,2
1879,2,5
6142,2,3
4451,2,6
3739,2,2
6504,2,0
7230,2,5
2373,2,2
666,2,3
258,2,1
370,2,9
2976,2,7
1747,2,9
2426,2,4
1547,2,5
6882,2,3
1281,2,5
5964,2,5
8866,2,8
3354,2,9
531,2,4
2939,2,8
7938,2,8
1344,2,3
7271,2,5
7191,2,0
3541,2,8
6260,2,6
6567,2,5
4393,2,6
5711,2,5
5195,2,4
7780,2,5
576,2,2
7747,2,3
99,2,1
7387,2,1
2859,2,3
7527,2,1
8285,2,7
3332,2,4
7094,2,6
5963,2,4
3705,2,2
6427,2,4
6028,2,4
8555,2,9
8617,2,7
4644,2,0
5509,2,3
2022,2,4
3584,2,9
2608,2,3
6115,2,3
3312,2,2
6576,2,5
8079,2,8
5837,2,3
375,2,9
1329,2,0
3702,2,8
6820,2,9
6838,2,9
4907,2,9
2567,2,7
5751,2,7
1216,2,3
8957,2,4
2115,2,9
1412,2,7
605,2,9
6755,2,3
1065,2,5
683,2,5
4298,2,8
1178,2,5
2227,2,8
4947,2,6
2762,2,4
6257,2,1
1894,2,3
6081,2,8
3737,2,8
1820,2,5
2618,2,6
2165,2,9
5140,2,9
1828,2,2
7000,2,5
2246,2,5
880,2,1
7221,2,2
888,2,0
1670,2,7
1823,2,2
784,2,9
3408,2,9
1882,2,5
4412,2,7
6336,2,3
7203,2,8
6034,2,8
3430,2,4
4919,2,2
4332,2,0
6472,2,5
8589,2,4
4260,2,9
5118,2,2
3977,2,6
689,2,0
5551,2,3
1142,2,2
6606,2,5
2324,2,4
4379,2,2
8000,2,0
816,2,6
1762,2,3
3573,2,4
8601,2,5
7352,2,8
7678,2,4
3186,2,9
943,2,0
5777,2,5
3459,2,2
631,2,5
3450,2,8
3852,2,4
8185,2,8
6630,2,0
1356,2,0
8354,2,2
5911,2,3
6382,2,5
2579,2,7
8029,2,8
4835,2,2
2440,2,8
8629,2,5
7419,2,3
5137,2,0
2617,2,8
2062,2,4
936,2,0
2770,2,1
7217,2,5
5154,2,3
8834,2,8
7784,2,7
6917,2,5
8336,2,1
4111,2,9
4106,2,6
424,2,2
3839,2,5
4201,2,8
8032,2,8
4210,2,2
5578,2,8
1389,2,8
1843,2,2
3925,2,6
5364,2,9
3098,2,2
5908,2,3
6294,2,3
2610,2,6
8034,2,4
6096,2,6
8681,2,7
2616,2,2
6168,2,6
7506,2,3
7245,2,5
606,2,7
6563,2,3
3176,2,7
6141,2,8
4823,2,2
5761,2,4
7104,2,6
7559,2,7
5093,2,4
3037,2,7
2821,2,5
462,2,0
7492,2,7
1053,2,5
4031,2,8
4852,2,2
577,2,4
7439,2,3
4385,2,0
7676,2,8
2696,2,3
1346,2,0
6951,2,7
1144,2,3
1039,2,3
5344,2,4
3948,2,7
4642,2,9
70,2,5
5826,2,8
8218,2,6
4482,2,5
439,2,2
4670,2,2
2148,2,7
7970,2,3
3880,2,5
1597,2,9
2142,2,7
2315,2,4
1341,2,2
8520,2,1
6311,2,3
3877,2,3
8195,2,9
7717,2,5
7850,2,2
328,2,3
7565,2,1
1411,2,2
565,2,0
8328,2,2
2587,2,5
4634,2,2
2361,2,5
2507,2,2
1481,2,0
2299,2,3
425,2,9
129,2,6
2877,2,5
4186,2,2
7937,2,9
2525,2,9
8182,2,5
3458,2,8
7800,2,4
2001,2,9
4343,2,2
5861,2,1
3001,2,6
56,2,3
199,2,5
5436,2,7
2661,2,2
8772,2,3
1935,2,3
3095,2,9
3131,2,9
413,2,5
3094,2,7
6056,2,9
5393,2,6
5955,2,3
6995,2,3
2561,2,9
1530,2,2
8897,2,5
6737,2,4
272,2,7
7062,2,5
1497,2,6
5936,2,7
7307,2,1
8471,2,2
2097,2,4
5538,2,5
5865,2,5
3412,2,4
3860,2,6
1518,2,6
7688,2,5
4084,2,2
7911,2,8
8932,2,8
4789,2,8
7256,2,6
8416,2,2
3637,2,8
8356,2,9
1818,2,1
1059,2,0
8752,2,7
4087,2,2
7456,2,8
6716,2,7
2321,2,4
938,2,6
3395,2,7
1641,2,3
1204,2,2
6256,2,5
5737,2,5
4131,2,0
630,2,2
848,2,0
3868,2,2
1202,2,6
5866,2,8
2967,2,3
4550,2,2
7822,2,8
7702,2,8
6156,2,0
8859,2,2
5324,2,8
4363,2,4
3000,2,9
3774,2,5
1474,2,6
1731,2,1
6854,2,7
8186,2,0
2728,2,3
6690,2,0
5928,2,3
2452,2,8
939,2,6
8298,2,9
3064,2,4
4700,2,8
1653,2,9
1890,2,3
4910,2,5
8861,2,7
3755,2,3
2424,2,3
6206,2,8
3835,2,6
4950,2,4
1308,2,8
7936,2,4
5870,2,8
4719,2,2
7713,2,1
8646,2,8
193,2,7
5094,2,8
3649,2,9
8638,2,4
1269,2,2
3492,2,8
3785,2,6
4802,2,7
1359,2,1
1113,2,8
4888,2,9
5175,2,8
6240,2,6
4771,2,2
5402,2,0
8901,2,7
1243,2,5
3980,2,5
1421,2,5
1162,2,5
1626,2,7
7078,2,3
8522,2,3
1252,2,3
6930,2,9
6978,2,5
7103,2,3
2755,2,1
5241,2,9
3614,2,6
4198,2,5
108,2,8
44,2,9
1553,2,0
4598,2,3
5247,2,0
5974,2,8
8685,2,4
8316,2,1
2943,2,2
1437,2,0
2715,2,5
6097,2,5
454,2,6
1367,2,6
3199,2,9
4039,2,9
5114,2,2
1911,2,7
2549,2,4
1730,2,6
5499,2,5
4428,2,6
6850,2,7
1193,2,3
3572,2,9
4806,2,7
7788,2,7
5529,2,3
5377,2,9
8048,2,3
7934,2,5
6153,2,0
7120,2,6
3641,2,9
7862,2,1
2847,2,5
3488,2,8
135,2,8
1941,2,8
5422,2,8
659,2,5
8800,2,9
1573,2,9
6615,2,9
8599,2,9
8080,2,2
114,2,9
4389,2,9
8497,2,5
5329,2,7
7821,2,4
4127,1,1
7122,1,9
2439,1,7
881,1,2
4071,1,3
6523,1,7
1469,1,2
37,1,9
5477,1,5
57,1,7
4468,1,8
5648,1,2
3298,1,3
3196,1,9
1674,1,3
7077,1,7
102,1,3
2472,1,2
2341,1,4
5775,1,3
4564,1,5
5135,1,9
52,1,2
5004,1,5
6846,1,3
8480,1,4
60,1,0
5224,1,9
5728,1,7
4297,1,9
1984,1,7
1555,1,3
6223,1,5
7536,1,5
5056,1,3
1299,1,1
3642,1,8
8937,1,3
5358,1,3
8330,1,2
8703,1,2
1272,1,9
1339,1,5
6326,1,3
2952,1,2
7587,1,6
7984,1,0
407,1,5
4840,1,8
3324,1,4
1408,1,5
5520,1,6
7063,1,9
1805,1,2
7470,1,6
7855,1,8
7325,1,8
2093,1,2
4010,1,2
1215,1,6
8838,1,2
6751,1,9
7442,1,6
2716,1,3
7162,1,3
1705,1,3
1242,1,3
3280,1,8
1007,1,2
662,1,2
5386,1,0
7891,1,4
7136,1,5
1334,1,5
3930,1,6
6540,1,5
4555,1,3
8076,1,4
4237,1,3
5032,1,1
4027,1,9
3304,1,4
8504,1,3
1631,1,3
6625,1,8
4897,1,5
2841,1,3
194,1,9
301,1,5
2360,1,8
6489,1,4
6454,1,1
1318,1,4
1050,1,3
6113,1,0
7856,1,6
6729,1,4
856,1,4
2863,1,6
1693,1,3
753,1,5
7620,1,8
3409,1,4
5677,1,0
7404,1,9
4334,1,6
2546,1,5
250,1,3
5748,1,9
1381,1,7
6798,1,7
6421,1,5
1623,1,9
3777,1,8
5448,1,9
6252,1,5
5506,1,6
3964,1,8
4803,1,2
808,1,4
6999,1,1
7377,1,1
1690,1,6
1468,1,6
6376,1,0
668,1,6
3872,1,8
5123,1,9
1842,1,8
7092,1,5
4562,1,1
1483,1,5
3429,1,8
1153,1,5
4744,1,1
3846,1,5
2124,1,9
4594,1,3
5186,1,3
7167,1,5
3611,1,4
5574,1,9
6916,1,8
7047,1,2
6068,1,8
897,1,2
3858,1,4
7097,1,0
515,1,0
1687,1,2
5031,1,4
2316,1,9
8891,1,7
7925,1,1
8465,1,8
1196,1,9
7810,1,2
2384,1,4
3976,1,6
5321,1,5
6675,1,6
2212,1,7
8299,1,3
6340,1,5
6118,1,5
7718,1,2
2209,1,7
5962,1,3
5673,1,4
8637,1,8
1387,1,7
1885,1,9
7965,1,4
6283,1,5
8948,1,8
7329,1,3
1338,1,7
7668,1,1
3571,1,7
8133,1,1
7754,1,1
8538,1,2
3881,1,4
2020,1,7
5196,1,9
292,1,3
7954,1,3
6518,1,3
3863,1,4
2830,1,8
7873,1,4
2643,1,3
7034,1,3
3111,1,2
7510,1,5
3241,1,4
5815,1,3
922,1,5
226,1,3
4335,1,8
1114,1,0
5487,1,8
5948,1,2
3434,1,8
2348,1,7
7486,1,4
8762,1,3
2445,1,3
7444,1,1
3127,1,2
5103,1,7
1263,1,3
7116,1,5
7828,1,0
4221,1,7
960,1,5
3662,1,9
5753,1,5
6748,1,9
4418,1,6
2670,1,5
4318,1,4
1375,1,8
2524,1,7
2003,1,5
376,1,3
5550,1,1
5005,1,9
5993,1,2
3961,1,8
2008,1,3
6808,1,4
5902,1,5
1449,1,8
5654,1,1
1930,1,5
8918,1,5
761,1,5
2210,1,9
4486,1,2
3093,1,7
3786,1,0
2513,1,5
5151,1,7
3891,1,6
40,1,7
1511,1,5
2832,1,9
1529,1,3
8037,1,0
2335,1,9
2201,1,7
4320,1,6
2092,1,7
1886,1,5
6892,1,7
3740,1,3
1101,1,2
4887,1,3
6441,1,3
6698,1,5
5569,1,9
8324,1,8
7805,1,8
8181,1,8
4880,1,0
1974,1,3
5075,1,7
7679,1,2
1504,1,0
3305,1,3
7490,1,3
4117,1,4
4712,1,1
2542,1,8
5521,1,0
6500,1,3
48,1,2
7229,1,0
2636,1,8
554,1,2
423,1,6
2178,1,2
5016,1,4
1227,1,8
7482,1,8
2312,1,6
7450,1,1
6353,1,0
8040,1,9
6795,1,0
4879,1,4
4878,1,9
3767,1,9
8684,1,4
5824,1,3
6986,1,9
7225,1,5
1850,1,8
248,1,6
5105,1,8
7732,1,7
7445,1,4
583,1,7
826,1,8
8225,1,8
765,1,0
6447,1,7
3053,1,8
2611,1,5
7861,1,8
4813,1,3
1661,1,3
6641,1,6
475,1,7
7985,1,1
8940,1,5
8680,1,8
8877,1,4
8941,1,5
8920,1,4
8485,1,0
8890,1,6
168,1,5
5515,1,5
4267,1,6
4360,1,2
4798,1,7
3583,1,4
542,1,6
2336,1,4
6645,1,3
3628,1,7
7902,1,8
932,1,4
7088,1,7
1219,1,1
2679,1,4
1452,1,6
5328,1,4
716,1,0
4291,1,7
3313,1,7
7518,1,7
5482,1,8
3441,1,7
5910,1,9
6388,1,8
1929,1,3
3576,1,2
2009,1,5
5470,1,7
1008,1,5
4565,1,8
2496,1,7
8019,1,9
2843,1,9
6876,1,9
4416,1,3
1321,1,3
7696,1,4
507,1,2
384,1,7
1295,1,0
4016,1,6
6361,1,8
5421,1,0
8903,1,3
5392,1,8
5925,1,9
4769,1,3
4945,1,9
4766,1,3
1406,1,2
7796,1,3
5229,1,9
4045,1,8
4688,1,1
5176,1,4
1899,1,8
4895,1,2
5152,1,2
79,1,3
5312,1,2
7169,1,2
1210,1,0
7411,1,5
5203,1,0
7725,1,2
4783,1,8
1729,1,2
7709,1,5
8451,1,8
5411,1,5
4821,1,4
8120,1,2
5143,1,6
3625,1,8
1154,1,0
5172,1,6
1902,1,9
3428,1,4
6184,1,6
4617,1,7
8560,1,8
4222,1,7
3729,1,6
1784,1,2
1892,1,3
1698,1,7
4458,1,8
4417,1,4
6279,1,3
8736,1,5
7871,1,2
5289,1,8
853,1,2
3627,1,3
6529,1,8
3129,1,3
2344,1,2
2339,1,3
3503,1,3
8411,1,8
2724,1,4
2446,1,8
2883,1,9
5418,1,5
6562,1,6
1913,1,8
5806,1,5
1973,1,8
6849,1,5
8713,1,7
2343,1,3
3483,1,9
764,1,4
6785,1,0
7369,1,6
8579,1,8
6139,1,2
5446,1,2
4445,1,7
6230,1,9
4233,1,8
4427,1,4
4068,1,2
8943,1,3
6514,1,9
6728,1,3
3024,1,4
8252,1,4
195,1,9
512,1,6
6769,1,8
828,1,9
7214,1,6
6963,1,4
3575,1,5
739,1,5
1779,1,1
6292,1,3
4296,1,4
8214,1,4
3471,1,5
339,1,5
1539,1,6
2438,1,3
4083,1,4
7929,1,7
8829,1,6
4276,1,6
397,1,3
3415,1,7
8423,1,7
4955,1,2
4185,1,3
5190,1,8
8017,1,1
1226,1,9
550,1,9
2828,1,5
2081,1,0
6111,1,8
3221,1,9
3032,1,3
8737,1,2
7255,1,0
5598,1,7
4795,1,1
5554,1,3
8521,1,7
4372,1,8
7006,1,3
2035,1,3
4270,1,0
5319,1,2
8660,1,5
1982,1,7
2370,1,5
782,1,9
4621,1,7
4167,1,7
6865,1,8
7491,1,4
959,1,0
6744,1,5
3566,1,8
101,1,6
2784,1,6
2369,1,7
7465,1,8
8530,1,3
6826,1,4
3685,1,7
7091,1,3
7582,1,0
4433,1,9
7722,1,0
4226,1,4
7657,1,7
2183,1,4
645,1,8
4954,1,4
795,1,6
8375,1,3
4305,1,4
836,1,6
2974,1,3
7405,1,4
3886,1,8
7615,1,8
1703,1,2
7185,1,8
3281,1,5
4625,1,4
2070,1,6
2711,1,9
3258,1,4
5988,1,2
6426,1,0
715,1,5
1994,1,2
4501,1,4
7526,1,6
6127,1,5
45,1,9
3871,1,2
4227,1,5
3942,1,2
3668,1,8
1841,1,6
3691,1,8
1294,1,3
3526,1,8
1335,1,7
789,1,5
8368,1,8
7552,1,2
7513,1,7
1122,1,9
338,1,6
8335,1,6
5277,1,6
2482,1,8
4805,1,2
1018,1,2
7947,1,4
4691,1,7
6660,1,8
3715,1,2
1206,1,5
646,1,3
8944,1,0
7908,1,5
6987,1,7
5701,1,9
5858,1,3
2767,1,5
8362,1,4
1692,1,4
5827,1,6
4833,1,1
3743,1,9
2140,1,4
3950,1,6
783,1,2
7194,1,0
1517,1,4
524,1,6
5420,1,3
2195,1,5
7354,1,6
8026,1,7
7025,1,9
302,1,6
1063,1,3
8534,1,2
4259,1,8
325,1,7
3472,1,9
3210,1,0
688,1,8
999,1,5
8031,1,1
669,1,8
5106,1,9
5452,1,2
2064,1,9
2463,1,4
8577,1,6
5695,1,5
905,1,3
617,1,7
206,1,9
6020,1,5
3368,1,4
6203,1,6
1921,1,2
2706,1,5
7962,1,3
3266,1,4
6031,1,3
894,1,3
1336,1,2
159,1,1
4822,1,5
7476,1,6
4070,1,7
5779,1,4
6325,1,0
6023,1,5
2177,1,9
8554,1,0
5006,1,4
5776,1,4
4476,1,4
294,1,8
1596,1,8
2322,1,9
4519,1,7
7461,1,3
726,1,5
4799,1,1
6658,1,3
904,1,5
4394,1,9
814,1,3
7178,1,3
8743,1,0
8022,1,2
1763,1,4
2241,1,2
2827,1,8
1022,1,5
8464,1,2
4653,1,9
7608,1,0
2710,1,3
330,1,5
807,1,7
3223,1,2
4151,1,9
1800,1,5
1922,1,6
1572,1,0
8355,1,3
5602,1,8
4569,1,9
1594,1,1
8098,1,9
2357,1,6
5338,1,9
3193,1,0
944,1,3
8767,1,2
93,1,7
2833,1,3
6604,1,0
7246,1,0
5447,1,5
3993,1,5
3666,1,4
7913,1,2
4921,1,1
8331,1,3
858,1,5
303,1,2
5410,1,8
6048,1,5
1088,1,5
563,1,2
8786,1,3
7400,1,6
2606,1,2
3746,1,0
3213,1,5
6494,1,1
4931,1,7
1799,1,6
3189,1,5
8478,1,8
6212,1,5
1333,1,0
8372,1,4
7663,1,7
2502,1,7
6369,1,5
8184,1,4
5215,1,4
6110,1,8
4942,1,6
7814,1,3
7145,1,9
1887,1,3
5085,1,4
8385,1,1
3177,1,4
8445,1,7
2021,1,2
799,1,6
5331,1,5
7109,1,9
1512,1,2
8193,1,1
5426,1,2
5947,1,7
8628,1,3
207,1,0
1561,1,0
8614,1,8
510,1,9
8805,1,5
8505,1,0
2978,1,8
7161,1,5
564,1,7
754,1,8
1208,1,8
6195,1,1
841,1,8
4682,1,7
4946,1,8
4693,1,7
1271,1,3
5219,1,9
6577,1,3
7999,1,9
410,1,3
3414,1,9
3331,1,8
5225,1,1
1345,1,7
8236,1,4
2996,1,7
2356,1,4
4685,1,2
6659,1,6
8018,1,9
6915,1,9
1821,1,3
7398,1,9
710,1,2
1330,1,3
3837,1,4
478,1,4
6461,1,7
8440,1,3
7847,1,4
254,1,2
4982,1,5
8105,1,2
3567,1,4
6689,1,3
2813,1,9
249,1,9
4809,1,9
1416,1,8
4855,1,2
3818,1,1
5325,1,4
8541,1,6
1956,1,2
4796,1,2
6304,1,9
5113,1,4
1121,1,4
1086,1,6
7357,1,8
1108,1,9
6522,1,1
931,1,3
1220,1,3
6418,1,5
1306,1,0
2333,1,4
6406,1,3
4112,1,5
2100,1,5
6898,1,5
7890,1,1
5783,1,5
751,1,2
3392,1,3
6320,1,3
5262,1,4
6451,1,8
1650,1,9
2160,1,5
2979,1,1
6269,1,8
3836,1,5
6723,1,4
4101,1,0
5239,1,3
8670,1,9
1463,1,3
6829,1,3
7380,1,8
4886,1,8
991,1,2
2404,1,8
6914,1,3
8718,1,5
2244,1,1
153,1,6
6120,1,2
6007,1,9
65,1,9
5799,1,0
655,1,0
3924,1,8
860,1,9
8042,1,5
5179,1,9
8047,1,1
1838,1,7
1465,1,8
4088,1,3
8615,1,7
5702,1,8
3916,1,4
1248,1,0
31,1,2
1259,1,3
4651,1,7
5238,1,8
8020,1,8
343,1,4
4129,1,2
7172,1,3
2923,1,4
3457,1,3
4094,1,8
7562,1,4
1251,1,5
2089,1,5
4558,1,7
5257,1,6
6416,1,3
3540,1,7
8600,1,8
779,1,6
2451,1,9
2512,1,7
8138,1,8
1120,1,5
5724,1,7
7976,1,8
2050,1,5
4867,1,7
523,1,4
8293,1,9
6247,1,3
1889,1,5
8202,1,8
2202,1,4
1528,1,5
1293,1,2
6640,1,2
4306,1,9
1019,1,5
467,1,2
7632,1,2
6539,1,9
2944,1,7
551,1,7
1027,1,7
7009,1,5
4102,1,6
8493,1,5
1814,1,9
794,1,2
4582,1,2
7866,1,0
5609,1,9
1092,1,5
6419,1,3
8158,1,0
2029,1,2
92,1,2
8855,1,2
2325,1,8
7594,1,3
6490,1,7
3143,1,4
4202,1,3
1524,1,8
2646,1,3
4214,1,3
596,1,4
8778,1,3
84,1,0
4444,1,2
607,1,7
4253,1,2
8569,1,2
1712,1,1
2147,1,4
4072,1,1
925,1,6
3433,1,4
3023,1,8
3376,1,3
5568,1,3
5914,1,3
7039,1,1
5971,1,3
3892,1,4
7345,1,3
1688,1,2
7249,1,5
1940,1,9
367,1,4
6671,1,8
1934,1,9
7765,1,5
1407,1,6
5188,1,4
4170,1,8
3062,1,8
1405,1,3
1105,1,9
149,1,3
8056,1,3
6049,1,0
5678,1,3
3519,1,0
7846,1,1
1109,1,9
273,1,8
1062,1,7
3387,1,8
385,1,6
4811,1,4
4542,1,7
5644,1,8
6392,1,3
8266,1,6
4388,1,6
8334,1,8
4103,1,8
3489,1,9
4999,1,6
2308,1,7
865,1,9
8496,1,8
1739,1,3
6204,1,9
3225,1,3
8137,1,4
8819,1,3
1495,1,2
516,1,4
1595,1,3
3670,1,3
1177,1,6
6425,1,9
1049,1,1
4165,1,2
4163,1,2
4449,1,8
1746,1,1
3234,1,9
8454,1,9
4347,1,0
3956,1,0
7901,1,3
4560,1,3
2987,1,3
4255,1,3
3021,1,3
2825,1,6
2876,1,9
1104,1,0
369,1,5
2225,1,4
1853,1,0
3442,1,3
7806,1,6
1665,1,1
4755,1,3
7517,1,5
3092,1,7
6864,1,9
2422,1,9
5691,1,6
4327,1,6
1249,1,8
2965,1,4
8067,1,3
34,1,9
1898,1,5
8100,1,6
74,1,4
6847,1,7
4211,1,8
8016,1,4
3443,1,2
6011,1,3
4281,1,8
2578,1,2
8567,1,3
7701,1,1
3504,1,9
7863,1,5
5625,1,4
3864,1,4
8204,1,8
8386,1,5
1880,1,3
4549,1,7
964,1,6
1968,1,0
1010,1,4
6207,1,4
349,1,4
2677,1,5
4972,1,8
5476,1,6
6348,1,5
2585,1,8
4992,1,5
7914,1,7
5994,1,1
6485,1,9
8284,1,2
847,1,5
3929,1,5
8283,1,6
7827,1,2
616,1,3
477,1,5
4699,1,4
4635,1,9
1440,1,8
6962,1,5
2138,1,7
3063,1,9
1989,1,8
1012,1,2
2504,1,4
1026,1,2
998,1,2
6566,1,9
2461,1,5
3469,1,3
47,1,9
257,1,8
5013,1,4
3663,1,4
1778,1,1
5010,1,7
5165,1,0
2396,1,9
5518,1,8
8376,1,0
5736,1,2
6002,1,8
5750,1,5
731,1,9
1780,1,5
4440,1,6
5383,1,9
2897,1,0
493,1,3
7644,1,9
396,1,4
2760,1,8
4441,1,5
6176,1,5
5844,1,5
4321,1,2
541,1,9
8405,1,9
1011,1,0
4623,1,2
5435,1,5
8117,1,0
3160,1,9
2831,1,5
5707,1,8
8447,1,7
6801,1,2
6436,1,5
412,1,3
8661,1,7
823,1,2
5295,1,5
8424,1,4
8712,1,2
3704,1,9
8247,1,9
8761,1,4
3974,1,3
8700,1,1
6470,1,3
8251,1,5
196,1,6
5746,1,3
2893,1,5
2199,1,9
8533,1,6
6940,1,3
2582,1,4
7600,1,5
1498,1,8
4759,1,2
5845,1,0
3150,1,9
1685,1,9
5084,1,9
7284,1,1
2080,1,9
7152,1,6
1876,1,3
6937,1,5
5495,1,6
453,1,4
8235,1,6
46,1,9
4782,1,7
3329,1,8
5396,1,6
3869,1,6
2065,1,7
136,1,7
289,1,1
1993,1,9
8321,1,1
3545,1,9
1830,1,3
1883,1,3
8396,1,3
6544,1,3
4166,1,4
7807,1,5
6360,1,3
2469,1,5
5361,1,6
825,1,3
2810,1,3
8154,1,4
2924,1,9
829,1,5
2603,1,4
1675,1,4
3183,1,8
8041,1,2
8057,1,2
4311,1,6
5193,1,6
6345,1,5
1300,1,2
1689,1,2
4366,1,9
3043,1,5
3058,1,1
7740,1,7
4128,1,7
8388,1,3
6295,1,8
5749,1,4
5770,1,7
5618,1,0
3343,1,9
6527,1,4
654,1,2
8208,1,4
8021,1,3
2345,1,2
7797,1,6
3405,1,7
7504,1,1
5248,1,4
8858,1,8
685,1,2
2405,1,7
7397,1,7
1145,1,0
6740,1,5
3273,1,9
7199,1,5
41,1,3
2894,1,0
638,1,4
989,1,5
4220,1,7
2774,1,5
7220,1,3
6920,1,5
1686,1,9
5532,1,9
5508,1,5
3684,1,9
6819,1,3
5481,1,7
8129,1,9
1893,1,2
27,1,3
2503,1,5
3440,1,3
4134,1,2
5171,1,8
8476,1,0
3537,1,3
3703,1,9
2824,1,5
5486,1,5
6596,1,0
8913,1,9
5022,1,2
2807,1,9
8818,1,0
2548,1,7
5494,1,1
508,1,2
1052,1,0
4762,1,7
5659,1,3
1255,1,5
728,1,2
64,1,4
5714,1,1
1681,1,7
5539,1,4
581,1,7
3036,1,2
5073,1,2
8060,1,5
6166,1,0
6286,1,3
3222,1,4
2068,1,8
5561,1,8
2925,1,9
3495,1,3
4369,1,8
589,1,4
7831,1,4
705,1,0
6358,1,9
4772,1,7
3875,1,8
3951,1,4
3546,1,8
7074,1,8
7687,1,2
8669,1,4
2736,1,3
2383,1,5
6481,1,4
7166,1,5
2707,1,3
2742,1,6
2238,1,9
1525,1,0
130,1,0
1307,1,6
8171,1,4
4322,1,0
7366,1,5
5122,1,9
5835,1,7
7639,1,5
5512,1,3
6605,1,1
8475,1,3
6422,1,9
5276,1,3
4812,1,2
4993,1,4
5665,1,7
6694,1,0
2856,1,6
7330,1,1
5192,1,4
5658,1,2
180,1,2
6178,1,8
7848,1,9
7044,1,5
5066,1,5
8806,1,6
344,1,5
8230,1,3
4903,1,6
5833,1,6
3590,1,5
1464,1,3
1610,1,1
8459,1,6
593,1,9
1556,1,2
4190,1,0
6906,1,2
887,1,9
5309,1,4
5617,1,4
7573,1,9
8593,1,5
2382,1,8
8090,1,0
5274,1,7
3635,1,9
4378,1,0
4254,1,3
4293,1,3
4251,1,3
5199,1,7
8165,1,8
1118,1,7
4860,1,8
6228,1,2
2302,1,2
5580,1,5
4426,1,2
6858,1,2
4557,1,7
2355,1,9
394,1,8
861,1,2
8332,1,1
6994,1,8
8862,1,8
698,1,6
7837,1,1
6069,1,0
6621,1,8
8258,1,2
3528,1,3
7642,1,8
4344,1,0
7436,1,3
6424,1,9
6291,1,9
7363,1,8
6119,1,0
8217,1,2
1014,1,2
7431,1,2
1351,1,2
7156,1,5
8570,1,9
4493,1,4
3340,1,3
4681,1,3
6042,1,6
7966,1,3
6891,1,8
4173,1,6
8415,1,8
756,1,2
6251,1,2
6165,1,8
5904,1,1
3908,1,6
6471,1,4
3692,1,2
6768,1,3
6432,1,3
5801,1,2
2338,1,4
5759,1,1
4760,1,3
2130,1,5
7049,1,9
7402,1,7
6109,1,8
706,1,6
2237,1,9
6949,1,8
3192,1,8
7497,1,1
4722,1,3
1751,1,3
7495,1,9
1228,1,5
2127,1,2
5878,1,5
3669,1,8
4753,1,3
409,1,7
7373,1,7
4457,1,5
4376,1,8
1475,1,2
1194,1,5
5378,1,2
2738,1,2
1632,1,9
3904,1,2
323,1,0
2304,1,2
8847,1,6
3128,1,2
2067,1,2
4180,1,1
1363,1,6
6440,1,4
7631,1,5
2161,1,9
6683,1,3
4668,1,9
2746,1,2
3164,1,3
8604,1,3
4373,1,2
4387,1,2
4410,1,1
1798,1,7
2495,1,2
8588,1,9
422,1,5
2462,1,9
5859,1,5
6701,1,8
355,1,9
3185,1,4
1831,1,6
6775,1,4
331,1,0
4315,1,2
1015,1,6
3636,1,5
6140,1,7
3589,1,9
4607,1,3
6888,1,2
7309,1,3
2289,1,9
141,1,5
6187,1,8
7593,1,5
5037,1,4
6936,1,8
7658,1,5
1439,1,9
200,1,0
5608,1,7
5816,1,3
3943,1,9
721,1,6
509,1,9
8705,1,3
4967,1,5
489,1,6
7089,1,8
8879,1,3
8086,1,6
3650,1,3
7159,1,3
3263,1,7
150,1,5
5643,1,2
7360,1,8
3385,1,4
8889,1,8
3244,1,8
5907,1,2
3874,1,3
2392,1,3
6722,1,9
2066,1,7
4611,1,5
844,1,6
276,1,5
2956,1,8
1671,1,1
2818,1,6
5025,1,9
5057,1,6
3137,1,2
4965,1,0
1031,1,0
4843,1,8
8486,1,4
115,1,7
6979,1,0
7055,1,3
3353,1,4
5044,1,3
6611,1,4
8111,1,5
8961,1,2
3600,1,7
6705,1,8
8798,1,2
3400,1,8
6317,1,2
6839,1,7
8529,1,6
3282,1,4
584,1,2
8830,1,3
5630,1,2
3381,1,4
3778,1,5
3866,1,2
6231,1,8
282,1,8
3728,1,8
3859,1,5
5931,1,0
6842,1,3
8444,1,4
3701,1,2
4171,1,2
1111,1,2
1486,1,2
8668,1,1
2822,1,3
637,1,3
6836,1,3
2136,1,7
7794,1,5
7982,1,2
7779,1,7
1002,1,6
8164,1,6
1718,1,3
8377,1,8
7993,1,5
6633,1,3
8194,1,0
7124,1,5
1781,1,7
8702,1,8
8167,1,8
7058,1,3
4662,1,8
368,1,9
217,1,9
5054,1,7
2088,1,2
2397,1,2
2628,1,9
3029,1,7
1159,1,5
8172,1,8
1503,1,3
3623,1,2
8873,1,0
1402,1,3
8698,1,5
8157,1,2
4077,1,4
2114,1,4
38,1,7
6695,1,3
4684,1,9
6282,1,1
7530,1,8
4371,1,3
8870,1,3
1446,1,9
1283,1,8
6053,1,3
2254,1,8
1107,1,5
4816,1,3
3861,1,5
5076,1,3
75,1,7
5581,1,3
5930,1,8
8580,1,4
8874,1,6
2719,1,5
3042,1,7
1317,1,9
3998,1,2
7401,1,7
8853,1,2
5409,1,2
1914,1,2
1095,1,6
5601,1,9
8771,1,2
930,1,3
4591,1,9
7206,1,5
4654,1,4
3850,1,8
1952,1,2
5296,1,8
2063,1,9
3507,1,9
5987,1,7
122,1,2
7588,1,4
3754,1,5
2189,1,6
7616,1,1
8856,1,5
5161,1,2
5353,1,0
4850,1,4
781,1,5
2651,1,6
2002,1,4
4851,1,3
2759,1,7
727,1,3
5589,1,8
2783,1,9
8704,1,1
2346,1,5
293,1,2
4268,1,9
3019,1,7
8150,1,8
6902,1,0
5758,1,0
2082,1,4
4487,1,9
2957,1,9
6925,1,9
5374,1,5
7744,1,2
205,1,5
5428,1,4
1846,1,1
6075,1,5
6423,1,9
6642,1,9
7238,1,9
3985,1,8
3580,1,3
1047,1,9
227,1,5
7595,1,1
1364,1,8
7853,1,3
5719,1,9
5109,1,2
5090,1,2
6667,1,5
4797,1,1
4528,1,8
4020,1,5
8738,1,0
66,1,3
3599,1,8
6739,1,9
2921,1,9
8234,1,8
3595,1,8
547,1,6
5614,1,8
6797,1,5
6672,1,5
8697,1,8
5342,1,3
5560,1,3
2966,1,8
4612,1,4
3391,1,4
6629,1,3
5917,1,3
6012,1,5
7918,1,6
3401,1,7
5471,1,9
4314,1,9
612,1,9
5286,1,3
2377,1,4
7253,1,2
7926,1,7
8566,1,1
2926,1,7
7338,1,8
7242,1,2
7040,1,5
7739,1,3
2601,1,3
7067,1,0
2484,1,4
7892,1,3
6885,1,4
8644,1,4
525,1,5
4922,1,7
6460,1,5
3865,1,8
8395,1,8
6145,1,2
4146,1,4
2523,1,8
5744,1,2
5365,1,7
6594,1,4
3862,1,5
7168,1,6
1245,1,3
6123,1,3
2659,1,7
815,1,8
6763,1,8
291,1,9
6881,1,1
7789,1,3
3055,1,8
4588,1,7
3203,1,5
7466,1,6
7724,1,5
2239,1,8
5256,1,8
780,1,6
4800,1,9
5973,1,5
5937,1,9
6487,1,3
6185,1,3
6597,1,2
446,1,3
2922,1,7
1246,1,3
3299,1,5
7609,1,7
7512,1,8
4118,1,8
8429,1,8
1960,1,7
7832,1,9
7131,1,8
2071,1,2
7451,1,4
30,1,9
8753,1,8
7403,1,9
2855,1,2
4552,1,2
8621,1,2
5690,1,8
1569,1,2
3439,1,9
711,1,3
1637,1,2
5921,1,5
5998,1,8
3764,1,5
8479,1,9
1211,1,9
3494,1,5
5080,1,4
3923,1,5
7348,1,8
7386,1,4
4300,1,8
3328,1,9
2347,1,5
8939,1,5
2869,1,8
5727,1,5
3251,1,8
8635,1,1
86,1,5
8077,1,0
1658,1,7
6175,1,0
4561,1,9
4745,1,2
8342,1,3
2992,1,8
6201,1,8
8768,1,8
2993,1,4
1964,1,2
5373,1,0
6841,1,9
8654,1,8
2907,1,1
4906,1,0
8933,1,1
109,1,2
2242,1,6
3447,1,7
5863,1,5
4256,1,4
1785,1,0
4905,1,6
6889,1,3
5599,1,5
1971,1,6
4909,1,4
8229,1,2
1420,1,6
2680,1,8
7171,1,5
445,1,9
4645,1,8
8087,1,2
6894,1,6
4005,1,5
7033,1,5
5619,1,5
7764,1,3
7399,1,8
231,1,3
4037,1,8
5169,1,4
5053,1,1
2652,1,4
4930,1,4
3711,1,9
2665,1,9
5036,1,8
8949,1,3
184,1,3
5641,1,5
5000,1,0
4082,1,5
4787,1,5
8216,1,5
7638,1,3
5869,1,0
3529,1,7
4683,1,4
6868,1,9
4411,1,5
6217,1,3
8553,1,4
441,1,5
5558,1,1
6248,1,1
5713,1,7
3269,1,4
2245,1,3
5404,1,6
4901,1,9
7604,1,8
5528,1,4
3645,1,9
1171,1,6
8141,1,4
6271,1,8
2427,1,9
3255,1,8
7331,1,2
8728,1,2
8347,1,7
2560,1,8
3665,1,4
8779,1,8
4640,1,7
5065,1,4
5836,1,8
6465,1,8
3667,1,8
4610,1,6
7872,1,8
7549,1,7
7027,1,9
4044,1,4
4559,1,3
623,1,0
8854,1,6
8587,1,3
994,1,9
1013,1,2
59,1,5
1565,1,2
4929,1,8
4326,1,8
1021,1,3
1016,1,7
3855,1,4
1287,1,6
3721,1,8
2727,1,9
160,1,9
3163,1,7
6774,1,0
3552,1,2
167,1,3
878,1,6
7961,1,8
2295,1,9
1106,1,5
1197,1,2
7940,1,8
8412,1,6
1448,1,2
6305,1,5
4232,1,9
7752,1,1
6033,1,5
4032,1,4
1382,1,2
6848,1,7
5043,1,7
5649,1,8
2775,1,5
5156,1,9
7310,1,6
7190,1,6
8250,1,1
8739,1,1
307,1,0
7703,1,9
6907,1,5
4023,1,5
8495,1,1
722,1,9
6089,1,3
8227,1,1
3425,1,8
8333,1,8
5362,1,2
3962,1,5
7662,1,2
1100,1,7
3915,1,5
8066,1,7
7098,1,9
7505,1,6
8833,1,4
4073,1,6
2887,1,2
558,1,5
3079,1,7
8816,1,7
8439,1,4
8729,1,7
4069,1,3
1131,1,5
5371,1,4
6587,1,3
6575,1,3
2880,1,8
2034,1,9
2574,1,5
8921,1,6
3187,1,5
1139,1,6
3097,1,7
2139,1,7
326,1,8
1247,1,9
7125,1,0
3372,1,7
2170,1,5
3277,1,7
408,1,5
1636,1,7
8265,1,9
2143,1,4
1704,1,2
6530,1,4
2349,1,6
8327,1,3
749,1,8
3689,1,7
908,1,9
788,1,7
5916,1,2
2328,1,5
5720,1,8
4484,1,7
3838,1,4
6249,1,7
7710,1,8
335,1,5
3854,1,4
8756,1,2
2293,1,9
6573,1,3
7603,1,6
490,1,0
1164,1,8
740,1,0
7406,1,5
7563,1,2
8719,1,2
8071,1,6
3090,1,7
937,1,3
4529,1,4
6880,1,9
4590,1,2
7647,1,7
7606,1,5
6681,1,5
6869,1,5
3158,1,9
4006,1,8
1840,1,3
8797,1,7
5942,1,9
4687,1,2
7227,1,3
4062,1,1
2342,1,8
7149,1,3
3438,1,7
1434,1,7
608,1,0
7836,1,3
2471,1,5
4994,1,6
1110,1,9
8255,1,7
5041,1,8
8078,1,3
7430,1,8
7280,1,4
3243,1,4
511,1,6
2602,1,3
3539,1,8
8151,1,1
6163,1,1
5024,1,1
5913,1,2
687,1,1
5877,1,4
2573,1,3
6533,1,5
4874,1,5
143,1,6
846,1,7
154,1,7
837,1,4
6194,1,5
5434,1,0
6832,1,4
8361,1,6
845,1,2
2984,1,2
8942,1,3
8787,1,2
8502,1,5
5708,1,3
7820,1,9
1804,1,7
1755,1,7
5511,1,8
2780,1,1
1682,1,8
2621,1,8
4492,1,1
7581,1,5
7876,1,1
3758,1,2
6310,1,8
4450,1,4
6952,1,9
4815,1,7
4181,1,4
2816,1,9
1859,1,3
1494,1,4
7202,1,8
6316,1,8
1858,1,2
5263,1,5
8112,1,3
5187,1,3
3568,1,2
8851,1,1
8904,1,4
8956,1,2
5316,1,2
8099,1,8
5945,1,3
5443,1,3
950,1,0
6835,1,9
7949,1,8
2633,1,4
8688,1,4
8452,1,4
7239,1,8
4168,1,6
4547,1,7
4553,1,7
6080,1,4
8799,1,4
4038,1,6
3362,1,9
5669,1,3
7274,1,2
3424,1,9
1485,1,9
4556,1,2
4626,1,8
7643,1,0
5802,1,3
181,1,6
3520,1,6
3212,1,4
6112,1,5
2931,1,4
7948,1,3
4224,1,7
2556,1,9
8843,1,2
5157,1,6
6344,1,6
6669,1,0
2534,1,9
3190,1,4
4520,1,3
224,1,6
4368,1,3
4034,1,6
